Zip, City, County
37011, Antioch, Davidson
37013, Antioch, Davidson
37070, Goodlettsville, Davidson
37072, Goodlettsville, Davidson
37076, Hermitage, Davidson
37080, Joelton, Davidson
37115, Madison, Davidson
37116, Madison, Davidson
37138, Old Hickory, Davidson
37189, Whites Creek, Davidson
37201, Nashville, Davidson
37202, Nashville, Davidson
37203, Nashville, Davidson
37204, Melrose, Davidson
37204, Nashville, Davidson
37205, Nashville, Davidson
37206, Nashville, Davidson
37207, Nashville, Davidson
37208, Nashville, Davidson
37209, Nashville, Davidson
37210, Nashville, Davidson
37211, Nashville, Davidson
37212, Nashville, Davidson
37213, Nashville, Davidson
37214, Nashville, Davidson
37215, Nashville, Davidson
37216, Nashville, Davidson
37217, Nashville, Davidson
37218, Nashville, Davidson
37219, Nashville, Davidson
37220, Nashville, Davidson
37221, Bellevue, Davidson
37221, Nashville, Davidson
37222, Nashville, Davidson
37224, Nashville, Davidson
37227, Nashville, Davidson
37228, Nashville, Davidson
37229, Nashville, Davidson
37230, Nashville, Davidson
37235, Nashville, Davidson
37238, Nashville, Davidson
37239, Nashville, Davidson
37242, Nashville, Davidson
37243, Nashville, Davidson
37244, Nashville, Davidson
37245, Nashville, Davidson
37247, Nashville, Davidson
37248, Nashville, Davidson
37249, Nashville, Davidson